mtry,ROC,Sens,Spec,ROCSD,SensSD,SpecSD
4,0.9958,0.9848,0.9660,0.002245,0.009955,0.01248
6,0.9956,0.9843,0.9622,0.002234,0.009803,0.01337
8,0.9956,0.9847,0.9600,0.002167,0.009091,0.01246
2,0.9952,0.9570,0.9768,0.002412,0.017840,0.01004
